<?xml version="1.0" encoding="UTF-8"?>
<project-private xmlns="http://www.netbeans.org/ns/project-private/1">
    <editor-bookmarks xmlns="http://www.netbeans.org/ns/editor-bookmarks/2" lastBookmarkId="0"/>
    <open-files xmlns="http://www.netbeans.org/ns/projectui-open-files/2">
        <group>
            <file>file:/home/joaomuniz/Documentos/TCC-COTIL-2020-desktop/Droplet/src/Home.java</file>
            <file>file:/home/joaomuniz/Documentos/TCC-COTIL-2020-desktop/Droplet/src/Pedidos.java</file>
            <file>file:/home/joaomuniz/Documentos/TCC-COTIL-2020-desktop/Droplet/src/Arquivo.java</file>
            <file>file:/home/joaomuniz/Documentos/TCC-COTIL-2020-desktop/Droplet/src/Produto.java</file>
            <file>file:/home/joaomuniz/Documentos/TCC-COTIL-2020-desktop/Droplet/src/Ajuda.java</file>
            <file>file:/home/joaomuniz/Documentos/TCC-COTIL-2020-desktop/Droplet/src/Listar.java</file>
        </group>
    </open-files>
</project-private>
